{"name":"jsGame","open_pages":{"pages/editor.html#D:\\УНИВЕР\\Основы Программирования\\Game on HTML ELEMENTS\\jsGame\\jsGame.js":"jsGame.js"},"active_page":"pages/editor.html#D:\\УНИВЕР\\Основы Программирования\\Game on HTML ELEMENTS\\jsGame\\jsGame.js","type":"","curposD:\\%D0%A3%D0%9D%D0%98%D0%92%D0%95%D0%A0\\%D0%9E%D1%81%D0%BD%D0%BE%D0%B2%D1%8B%20%D0%9F%D1%80%D0%BE%D0%B3%D1%80%D0%B0%D0%BC%D0%BC%D0%B8%D1%80%D0%BE%D0%B2%D0%B0%D0%BD%D0%B8%D1%8F\\Game%20on%20HTML%20ELEMENTS\\jsGame\\jsGame.js":"{\"row\":79,\"column\":76}"}